Frequency,Attenuation,! FILETYPE CSV,
30000,-79.3568915647117,! VERSION 1.0,1
5034974.97497497,-82.1044731723608,! TIMESTAMP Friday, 21 February 2020 18:54:05
10039949.9499499,-85.2074659692304,! NAME Agilent Technologies,
15044924.9249249,-87.5959130036856,! MODEL N9916A,
20049899.8998999,-90.5177404692609,! SERIAL MY53103049,
25054874.8748749,-93.1148837828309,! FIRMWARE_VERSION A.07.32,
30059849.8498498,-96.1780022809629,! GPS_LATITUDE ,
35064824.8248248,-98.6907447556266,! GPS_LONGITUDE ,
40069799.7997998,-101.649437838691,! GPS_TIMESTAMP 0001-01-01 00:00:00Z,
45074774.7747748,-101.973053740361,! GPS_SECS_SINCE_LAST_READ 0,
50079749.7497497,-102.278127107609,! CHECKSUM 0295896799,
55084724.7247247,-102.065644614161,! CORRECTION1 Rdy,
60089699.6996997,-101.274791285892,! DATA Freq,S21
65094674.6746747,-100.329029556636,! FREQ UNIT Hz,
70099649.6496496,-100.306601609353,! DATA UNIT dB,
75104624.6246246,-100.659028386404,BEGIN,
80109599.5995996,-100.368234508688,,
85114574.5745746,-99.7072673917705,,
90119549.5495495,-100.293147356609,,
95124524.5245245,-99.999742163479,,
100129499.499499,-99.6225411562164,,
105134474.474474,-99.1847544772785,,
110139449.449449,-100.009535049494,,
115144424.424424,-99.5943916356609,,
120149399.399399,-99.0155839721149,,
125154374.374374,-99.2252134336858,,
130159349.349349,-99.8695752932004,,
135164324.324324,-100.413798679811,,
140169299.299299,-100.227932090192,,
145174274.274274,-100.010473865007,,
150179249.249249,-99.7693731194493,,
155184224.224224,-99.9604699098764,,
160189199.199199,-99.983183642331,,
165194174.174174,-99.6338283993529,,
170199149.149149,-99.3594783950378,,
175204124.124124,-99.7662621499635,,
180209099.099099,-99.4900208853769,,
185214074.074074,-98.5807908281058,,
190219049.049049,-98.8820921280529,,
195224024.024024,-99.1239841202556,,
200228998.998999,-98.8579141493714,,
205233973.973974,-98.9189538665916,,
210238948.948949,-98.8823096517224,,
215243923.923924,-99.2327083977433,,
220248898.898899,-99.0517356696298,,
225253873.873874,-99.2822127972131,,
230258848.848849,-99.310446091105,,
235263823.823824,-100.793044818737,,
240268798.798799,-100.602647482034,,
245273773.773774,-100.576188145044,,
250278748.748749,-101.191352786333,,
255283723.723724,-101.311963106557,,
260288698.698699,-101.735234663066,,
265293673.673674,-102.057402073374,,
270298648.648649,-102.082000415627,,
275303623.623624,-102.086136225315,,
280308598.598599,-101.707096827069,,
285313573.573574,-101.749692954103,,
290318548.548549,-102.575702086742,,
295323523.523524,-102.511850631538,,
300328498.498499,-101.706625124335,,
305333473.473474,-101.4255413728,,
310338448.448449,-99.6934544130012,,
315343423.423424,-99.4568232586109,,
320348398.398399,-100.322354677207,,
325353373.373374,-99.4853820865779,,
330358348.348349,-99.7242277355047,,
335363323.323324,-99.8736673760566,,
340368298.298299,-99.6538872493615,,
345373273.273274,-99.6323615586543,,
350378248.248249,-99.549921027762,,
355383223.223224,-99.5885147401765,,
360388198.198199,-99.2035841527354,,
365393173.173174,-98.6081184643679,,
370398148.148149,-99.7036277925098,,
375403123.123124,-100.431121400384,,
380408098.098099,-100.642840760211,,
385413073.073074,-100.964689729217,,
390418048.048049,-101.659697738746,,
395423023.023024,-100.855443206673,,
400427997.997999,-100.706671171655,,
405432972.972974,-100.49581743278,,
410437947.947949,-99.9725263767155,,
415442922.922924,-99.9908980475455,,
420447897.897899,-99.8758127867999,,
425452872.872874,-99.6806091062655,,
430457847.847849,-99.7334929831745,,
435462822.822824,-100.10986703283,,
440467797.797799,-100.642397179555,,
445472772.772774,-100.216106518572,,
450477747.747749,-100.356419908147,,
455482722.722724,-100.892055467169,,
460487697.697699,-101.072392908338,,
465492672.672674,-100.25729346925,,
470497647.647649,-100.635307627424,,
475502622.622624,-100.957275165632,,
480507597.597599,-101.076475548152,,
485512572.572574,-100.687394733298,,
490517547.547549,-100.388760573274,,
495522522.522524,-101.167262184153,,
500527497.497499,-101.034864322209,,
505532472.472474,-100.536590753647,,
510537447.447449,-100.430580501252,,
515542422.422424,-99.656574156611,,
520547397.397399,-99.3813707394349,,
525552372.372374,-98.8611192541944,,
530557347.347349,-98.2805510609799,,
535562322.322324,-98.5198726497192,,
540567297.297298,-99.6508733208918,,
545572272.272273,-100.040679435685,,
550577247.247248,-100.019793313609,,
555582222.222223,-99.8579090547421,,
560587197.197198,-100.375389479811,,
565592172.172173,-99.9124583359519,,
570597147.147148,-99.0872205227311,,
575602122.122123,-99.9698522210997,,
580607097.097098,-100.861667329138,,
585612072.072073,-100.854636702259,,
590617047.047048,-100.937069666708,,
595622022.022023,-101.26797108909,,
600626996.996998,-101.452155663485,,
605631971.971973,-102.013187967415,,
610636946.946948,-101.860302437661,,
615641921.921923,-101.524984086572,,
620646896.896898,-101.066462330233,,
625651871.871873,-101.368176957564,,
630656846.846848,-102.112136472786,,
635661821.821823,-102.535441453757,,
640666796.796798,-103.218789651172,,
645671771.771773,-103.815690756649,,
650676746.746748,-103.746172440254,,
655681721.721723,-103.666747202002,,
660686696.696698,-103.802217504925,,
665691671.671673,-104.289996057011,,
670696646.646648,-105.537713095447,,
675701621.621623,-106.094209651799,,
680706596.596598,-106.084576542781,,
685711571.571573,-106.452930445123,,
690716546.546548,-106.357145276359,,
695721521.521523,-106.964165885412,,
700726496.496498,-106.610313203153,,
705731471.471473,-106.09700843276,,
710736446.446448,-105.330558052369,,
715741421.421423,-105.344652336149,,
720746396.396398,-105.030829272125,,
725751371.371373,-105.143815095528,,
730756346.346348,-105.414293287613,,
735761321.321323,-105.365494937143,,
740766296.296298,-105.151244513084,,
745771271.271273,-103.516207445675,,
750776246.246248,-102.845313035827,,
755781221.221223,-103.087605617027,,
760786196.196198,-102.887714590136,,
765791171.171173,-102.923330677479,,
770796146.146148,-102.619620136233,,
775801121.121123,-103.058586897517,,
780806096.096098,-103.041920413348,,
785811071.071073,-103.604169444215,,
790816046.046048,-103.716191848079,,
795821021.021023,-103.437381306841,,
800825995.995998,-103.154392524219,,
805830970.970973,-103.182556509015,,
810835945.945948,-102.965710537932,,
815840920.920923,-102.770051099507,,
820845895.895898,-103.111433585686,,
825850870.870873,-103.417163953396,,
830855845.845848,-103.125330230297,,
835860820.820823,-103.129363554496,,
840865795.795798,-103.116763610517,,
845870770.770773,-103.220950309362,,
850875745.745748,-103.775073191924,,
855880720.720723,-104.272604715048,,
860885695.695698,-104.255866840538,,
865890670.670673,-104.039344661611,,
870895645.645648,-105.095188050888,,
875900620.620623,-105.189896287716,,
880905595.595598,-105.248582569656,,
885910570.570573,-105.553469649731,,
890915545.545548,-105.813912039738,,
895920520.520523,-105.923078698928,,
900925495.495498,-106.21930621038,,
905930470.470473,-105.683056379595,,
910935445.445448,-106.070096204115,,
915940420.420423,-106.269977142601,,
920945395.395398,-105.95688452788,,
925950370.370373,-105.064144844621,,
930955345.345348,-104.711828139112,,
935960320.320323,-104.526529136588,,
940965295.295298,-104.71945571131,,
945970270.270273,-103.820339231688,,
950975245.245248,-104.336106225546,,
955980220.220223,-103.532799914873,,
960985195.195198,-103.322239856636,,
965990170.170173,-103.711369759901,,
970995145.145148,-103.316249274074,,
976000120.120123,-102.726676888123,,
981005095.095098,-103.507112012561,,
986010070.070073,-102.881854167597,,
991015045.045048,-103.165279024976,,
996020020.020023,-103.520120376741,,
1001024994.995,-103.45683167579,,
1006029969.96997,-103.927475527106,,
1011034944.94495,-104.659890086241,,
1016039919.91992,-104.421635088828,,
1021044894.8949,-105.088522673157,,
1026049869.86987,-104.339628336616,,
1031054844.84485,-105.131015655383,,
1036059819.81982,-105.163240782988,,
1041064794.7948,-104.637395937508,,
1046069769.76977,-104.817285482216,,
1051074744.74475,-105.417084377466,,
1056079719.71972,-104.863193852708,,
1061084694.6947,-104.932681562203,,
1066089669.66967,-104.531859014727,,
1071094644.64465,-104.170842497351,,
1076099619.61962,-104.598709479404,,
1081104594.5946,-103.772971609369,,
1086109569.56957,-104.02096992456,,
1091114544.54455,-103.896100552587,,
1096119519.51952,-103.897032893194,,
1101124494.4945,-104.400461160551,,
1106129469.46947,-103.758310328121,,
1111134444.44445,-104.350598622852,,
1116139419.41942,-104.426590466923,,
1121144394.3944,-104.692511297397,,
1126149369.36937,-104.180102432725,,
1131154344.34435,-104.498311323581,,
1136159319.31932,-105.077419138931,,
1141164294.2943,-104.594350762205,,
1146169269.26927,-104.555372262374,,
1151174244.24425,-104.588556298098,,
1156179219.21922,-104.997085288065,,
1161184194.1942,-103.817652772186,,
1166189169.16917,-103.609360733088,,
1171194144.14414,-103.35289754831,,
1176199119.11912,-102.933828894797,,
1181204094.09409,-102.865798033564,,
1186209069.06907,-102.205616910522,,
1191214044.04404,-102.156213018185,,
1196219019.01902,-102.175972590699,,
1201223993.99399,-103.08101943091,,
1206228968.96897,-102.476914824899,,
1211233943.94394,-102.602772541824,,
1216238918.91892,-102.694129369933,,
1221243893.89389,-102.871841049989,,
1226248868.86887,-103.267334598432,,
1231253843.84384,-103.587537714823,,
1236258818.81882,-103.982384102376,,
1241263793.79379,-105.290287129151,,
1246268768.76877,-105.06904596334,,
1251273743.74374,-104.910106137795,,
1256278718.71872,-104.780648180993,,
1261283693.69369,-104.701858726511,,
1266288668.66867,-104.103861562728,,
1271293643.64364,-103.721413594494,,
1276298618.61862,-102.451053284984,,
1281303593.59359,-102.216230300449,,
1286308568.56857,-101.162134707066,,
1291313543.54354,-100.743322360989,,
1296318518.51852,-100.157507670202,,
1301323493.49349,-99.1476813631204,,
1306328468.46847,-98.25485077449,,
1311333443.44344,-97.9198232600902,,
1316338418.41842,-96.557962967701,,
1321343393.39339,-96.0183983028714,,
1326348368.36837,-96.5568674413741,,
1331353343.34334,-96.9366344367212,,
1336358318.31832,-97.2085512474742,,
1341363293.29329,-97.3488305436702,,
1346368268.26827,-97.9747711979187,,
1351373243.24324,-98.116725138034,,
1356378218.21821,-98.049959296819,,
1361383193.19319,-98.3457799207293,,
1366388168.16816,-98.6441329294503,,
1371393143.14314,-98.6082537587042,,
1376398118.11811,-98.3795532763655,,
1381403093.09309,-98.4007793661353,,
1386408068.06806,-98.245202445568,,
1391413043.04304,-98.7740503630511,,
1396418018.01801,-98.9545938958057,,
1401422992.99299,-98.0193932398863,,
1406427967.96796,-97.6717911296136,,
1411432942.94294,-97.591642434418,,
1416437917.91791,-97.6660645162244,,
1421442892.89289,-96.9551208390244,,
1426447867.86786,-97.9246640998894,,
1431452842.84284,-98.5427850888646,,
1436457817.81781,-98.4567102340813,,
1441462792.79279,-98.7340633334809,,
1446467767.76776,-99.0775235542674,,
1451472742.74274,-99.3714699863837,,
1456477717.71771,-99.7674722645892,,
1461482692.69269,-100.07356538746,,
1466487667.66766,-99.6263472502064,,
1471492642.64264,-99.7834270660741,,
1476497617.61761,-100.564385285825,,
1481502592.59259,-100.728344977503,,
1486507567.56756,-100.915400661983,,
1491512542.54254,-101.398780838646,,
1496517517.51751,-102.629687185942,,
1501522492.49249,-102.831313847132,,
1506527467.46746,-102.463777490309,,
1511532442.44244,-102.751662296989,,
1516537417.41741,-102.922546004383,,
1521542392.39239,-103.231037255979,,
1526547367.36736,-103.334168090672,,
1531552342.34234,-103.537394966393,,
1536557317.31731,-104.153597262997,,
1541562292.29229,-104.543940843942,,
1546567267.26726,-104.781330839198,,
1551572242.24223,-104.540474584735,,
1556577217.21721,-104.506616389706,,
1561582192.19218,-104.616375228398,,
1566587167.16716,-104.472786319836,,
1571592142.14213,-103.333240175195,,
1576597117.11711,-102.0264276357,,
1581602092.09208,-102.834202179113,,
1586607067.06706,-102.791063455916,,
1591612042.04203,-102.656620077729,,
1596617017.01701,-102.379302366893,,
1601621991.99198,-102.290692698205,,
1606626966.96696,-102.318171589576,,
1611631941.94193,-102.018627390201,,
1616636916.91691,-101.683336792905,,
1621641891.89188,-102.195134762136,,
1626646866.86686,-102.317105016329,,
1631651841.84183,-102.384283047844,,
1636656816.81681,-101.971394781647,,
1641661791.79178,-101.79913654727,,
1646666766.76676,-102.361901193797,,
1651671741.74173,-102.857280018754,,
1656676716.71671,-102.642231776334,,
1661681691.69168,-102.681204584592,,
1666686666.66666,-103.974035829234,,
1671691641.64163,-104.490215790563,,
1676696616.61661,-104.670374047938,,
1681701591.59158,-104.151230334214,,
1686706566.56656,-104.30619644319,,
1691711541.54153,-105.053731898689,,
1696716516.51651,-105.436431966632,,
1701721491.49148,-105.398685569024,,
1706726466.46646,-105.466866588114,,
1711731441.44143,-105.685360771808,,
1716736416.41641,-105.848902717781,,
1721741391.39138,-105.536128251412,,
1726746366.36636,-105.968091054864,,
1731751341.34133,-105.809648510935,,
1736756316.31631,-105.753618237181,,
1741761291.29128,-104.478029797255,,
1746766266.26625,-103.987525388616,,
1751771241.24123,-103.947150611433,,
1756776216.2162,-104.189501773524,,
1761781191.19118,-103.884184682804,,
1766786166.16615,-103.485706694834,,
1771791141.14113,-102.565890812062,,
1776796116.1161,-102.168307240603,,
1781801091.09108,-101.957213715551,,
1786806066.06605,-101.869587035541,,
1791811041.04103,-101.570782337892,,
1796816016.016,-101.005025939114,,
1801820990.99098,-100.043690043204,,
1806825965.96595,-100.089804836602,,
1811830940.94093,-100.584950044113,,
1816835915.9159,-100.845851512707,,
1821840890.89088,-100.66194972209,,
1826845865.86585,-100.901203824418,,
1831850840.84083,-101.045601347066,,
1836855815.8158,-101.476843968062,,
1841860790.79078,-101.917183804038,,
1846865765.76575,-102.246366426626,,
1851870740.74073,-102.242062840884,,
1856875715.7157,-102.44544112677,,
1861880690.69068,-102.322949446966,,
1866885665.66565,-102.438597013486,,
1871890640.64063,-102.671602694226,,
1876895615.6156,-103.8685415704,,
1881900590.59058,-103.273117295135,,
1886905565.56555,-102.686014009458,,
1891910540.54053,-101.842272616868,,
1896915515.5155,-101.813840382575,,
1901920490.49048,-101.625801746377,,
1906925465.46545,-101.133765350389,,
1911930440.44043,-100.202016554198,,
1916935415.4154,-99.4706723281345,,
1921940390.39038,-98.9388373021419,,
1926945365.36535,-98.7082157911568,,
1931950340.34033,-98.616637068177,,
1936955315.3153,-98.5916164576781,,
1941960290.29027,-98.3028748114058,,
1946965265.26525,-98.2034882590224,,
1951970240.24022,-96.850912404385,,
1956975215.2152,-96.7039584443389,,
1961980190.19017,-96.0336610508615,,
1966985165.16515,-96.4212230884218,,
1971990140.14012,-95.8972839297117,,
1976995115.1151,-95.5427977249413,,
1982000090.09007,-96.680601796158,,
1987005065.06505,-96.738479923903,,
1992010040.04002,-96.986573066019,,
1997015015.015,-97.1454073165375,,
2002019989.98997,-97.681665081426,,
2007024964.96495,-98.2003211389304,,
2012029939.93992,-98.4642416576187,,
2017034914.9149,-99.1597299029848,,
2022039889.88987,-99.2089773965531,,
2027044864.86485,-99.417439918245,,
2032049839.83982,-99.7114376244863,,
2037054814.8148,-100.173588609059,,
2042059789.78977,-100.123997314044,,
2047064764.76475,-100.533775704271,,
2052069739.73972,-101.235519530999,,
2057074714.7147,-100.278921795611,,
2062079689.68967,-100.694397644751,,
2067084664.66465,-101.085659255038,,
2072089639.63962,-101.667945085116,,
2077094614.6146,-102.206605472979,,
2082099589.58957,-102.075698234687,,
2087104564.56455,-101.975247383046,,
2092109539.53952,-101.363972951796,,
2097114514.5145,-101.26617347805,,
2102119489.48947,-101.27908222539,,
2107124464.46445,-102.000194485768,,
2112129439.43942,-102.135020596007,,
2117134414.4144,-102.170424614743,,
2122139389.38937,-101.945932857361,,
2127144364.36435,-101.389604810269,,
2132149339.33932,-101.709751271936,,
2137154314.31429,-101.205833495372,,
2142159289.28927,-101.026740428541,,
2147164264.26424,-99.8564831802244,,
2152169239.23922,-98.5398088149343,,
2157174214.21419,-97.8219817903975,,
2162179189.18917,-97.2899741620339,,
2167184164.16414,-97.6877155992176,,
2172189139.13912,-97.5742014912843,,
2177194114.1141,-97.4680844314371,,
2182199089.08907,-96.7036980326831,,
2187204064.06405,-96.1041269252108,,
2192209039.03902,-96.0381949470512,,
2197214014.014,-96.4117053670098,,
2202218988.98897,-96.3691575740067,,
2207223963.96395,-95.8553991334475,,
2212228938.93892,-95.9091888544001,,
2217233913.9139,-94.8873552219618,,
2222238888.88887,-95.3737222161822,,
2227243863.86385,-96.1059624146626,,
2232248838.83882,-95.9499518990459,,
2237253813.8138,-96.1778608542889,,
2242258788.78877,-95.4736363535037,,
2247263763.76375,-95.4415683069041,,
2252268738.73872,-95.3445300935894,,
2257273713.7137,-95.0905427774734,,
2262278688.68867,-95.4451756118164,,
2267283663.66365,-95.1270953567215,,
2272288638.63862,-94.5401698571493,,
2277293613.6136,-94.2848777106553,,
2282298588.58857,-94.0560524276937,,
2287303563.56355,-93.9400828669179,,
2292308538.53852,-94.5437273788838,,
2297313513.5135,-94.1256089274505,,
2302318488.48847,-93.5520836121669,,
2307323463.46345,-93.8711460623435,,
2312328438.43842,-93.573973116228,,
2317333413.4134,-93.5884796574216,,
2322338388.38837,-93.534020229008,,
2327343363.36335,-93.7376434697343,,
2332348338.33832,-93.8409612187423,,
2337353313.3133,-93.6724721005822,,
2342358288.28827,-93.7245599746572,,
2347363263.26325,-94.213619172065,,
2352368238.23822,-94.2339276430441,,
2357373213.2132,-94.8588809296553,,
2362378188.18817,-94.8657927452868,,
2367383163.16315,-94.5834889308097,,
2372388138.13812,-94.408810230028,,
2377393113.1131,-94.4443787327545,,
2382398088.08807,-94.6426232960355,,
2387403063.06305,-95.4898381540991,,
2392408038.03802,-95.511395647821,,
2397413013.013,-95.4454606546497,,
2402417987.98798,-95.5812061754401,,
2407422962.96295,-95.6545978550614,,
2412427937.93793,-95.8473227133438,,
2417432912.9129,-96.1698059089136,,
2422437887.88788,-96.2457705919948,,
2427442862.86285,-96.4810585964456,,
2432447837.83783,-95.9655622291196,,
2437452812.8128,-95.7467899288557,,
2442457787.78778,-95.531456674392,,
2447462762.76275,-95.7004676044225,,
2452467737.73773,-95.5323903555428,,
2457472712.7127,-95.0375604108421,,
2462477687.68768,-94.3917892766898,,
2467482662.66265,-94.3367094638218,,
2472487637.63763,-94.5994785285023,,
2477492612.6126,-94.5669974294019,,
2482497587.58758,-94.3065382199314,,
2487502562.56255,-93.6728034883379,,
2492507537.53753,-93.2297652458162,,
2497512512.5125,-93.0386912868299,,
2502517487.48748,-92.5829675842454,,
2507522462.46245,-92.6419206434791,,
2512527437.43743,-92.8547001959184,,
2517532412.4124,-93.1056949834601,,
2522537387.38738,-93.1421535930212,,
2527542362.36235,-93.1539155580724,,
2532547337.33733,-93.3326809677925,,
2537552312.3123,-93.2119614401798,,
2542557287.28728,-93.3247400491257,,
2547562262.26225,-93.044919243571,,
2552567237.23723,-92.9097118399317,,
2557572212.2122,-93.1755826859433,,
2562577187.18718,-93.8797334049286,,
2567582162.16215,-94.0541411025456,,
2572587137.13713,-94.1931509404888,,
2577592112.1121,-94.2859534316017,,
2582597087.08708,-94.2383832442035,,
2587602062.06205,-94.1711601400079,,
2592607037.03703,-94.34798634039,,
2597612012.012,-94.9934084139742,,
2602616986.98698,-95.3755061082026,,
2607621961.96195,-95.6046300662574,,
2612626936.93693,-96.1068846036931,,
2617631911.9119,-96.8191394306718,,
2622636886.88688,-97.2431894663354,,
2627641861.86186,-97.520702893529,,
2632646836.83683,-98.3254219014098,,
2637651811.81181,-98.1684576650177,,
2642656786.78678,-98.4675757140549,,
2647661761.76176,-98.7032550798349,,
2652666736.73673,-99.102808357535,,
2657671711.71171,-100.035794261174,,
2662676686.68668,-100.845571636737,,
2667681661.66166,-100.678405460363,,
2672686636.63663,-100.272964689664,,
2677691611.61161,-100.334529007686,,
2682696586.58658,-99.9904125217966,,
2687701561.56156,-99.961473065895,,
2692706536.53653,-100.024376579266,,
2697711511.51151,-99.8505235705627,,
2702716486.48648,-99.5958653500238,,
2707721461.46146,-99.240617322992,,
2712726436.43643,-99.2094972934823,,
2717731411.41141,-100.068604886798,,
2722736386.38638,-100.560585144605,,
2727741361.36136,-100.571916500101,,
2732746336.33633,-100.050460764452,,
2737751311.31131,-100.631200634058,,
2742756286.28628,-100.975010713417,,
2747761261.26126,-101.120735633158,,
2752766236.23623,-101.113645223092,,
2757771211.21121,-102.041348285604,,
2762776186.18618,-101.836203110216,,
2767781161.16116,-101.639622029733,,
2772786136.13613,-102.39103639302,,
2777791111.11111,-102.278651197471,,
2782796086.08608,-102.345856016896,,
2787801061.06106,-102.435455440259,,
2792806036.03603,-101.789045174144,,
2797811011.01101,-100.911775654898,,
2802815985.98598,-100.916187349421,,
2807820960.96096,-100.927388758032,,
2812825935.93593,-99.8723434283641,,
2817830910.91091,-100.357475427261,,
2822835885.88588,-100.445380964652,,
2827840860.86086,-100.359161169154,,
2832845835.83583,-99.9085439180751,,
2837850810.81081,-100.040661679227,,
2842855785.78578,-100.077024004224,,
2847860760.76076,-100.181735874797,,
2852865735.73573,-100.687506197209,,
2857870710.71071,-100.408272786531,,
2862875685.68569,-100.415531271541,,
2867880660.66066,-100.218540883038,,
2872885635.63564,-101.170035561387,,
2877890610.61061,-101.562741401045,,
2882895585.58559,-101.99248238724,,
2887900560.56056,-102.284729773031,,
2892905535.53554,-101.880342228398,,
2897910510.51051,-102.300827205493,,
2902915485.48549,-103.54830453183,,
2907920460.46046,-103.60635007188,,
2912925435.43544,-103.924170699392,,
2917930410.41041,-103.659250621517,,
2922935385.38539,-102.874053110567,,
2927940360.36036,-102.524398053939,,
2932945335.33534,-102.658671816736,,
2937950310.31031,-102.340893565152,,
2942955285.28529,-102.395983186318,,
2947960260.26026,-101.664809446629,,
2952965235.23524,-102.394694245329,,
2957970210.21021,-102.027040847786,,
2962975185.18519,-101.712701880748,,
2967980160.16016,-101.409782310399,,
2972985135.13514,-101.007468737551,,
2977990110.11011,-99.9351550969212,,
2982995085.08509,-99.8815438339563,,
2988000060.06006,-99.5065096425323,,
2993005035.03504,-99.3477649529438,,
2998010010.01001,-99.8055600726757,,
3003014984.98499,-100.880982594291,,
3008019959.95996,-100.924778624718,,
3013024934.93494,-101.218296140812,,
3018029909.90991,-101.592117482691,,
3023034884.88489,-103.626740801395,,
3028039859.85986,-103.033264853951,,
3033044834.83484,-103.12626458677,,
3038049809.80981,-104.317026461965,,
3043054784.78479,-104.264617755977,,
3048059759.75976,-104.531275606236,,
3053064734.73474,-105.555679101637,,
3058069709.70971,-105.812877782251,,
3063074684.68469,-106.087913054932,,
3068079659.65966,-106.467314591473,,
3073084634.63464,-107.231197214463,,
3078089609.60961,-107.125830671053,,
3083094584.58459,-106.844830775246,,
3088099559.55957,-107.651698252929,,
3093104534.53454,-107.941525776976,,
3098109509.50952,-105.982630269026,,
3103114484.48449,-105.492553599133,,
3108119459.45947,-105.577800385404,,
3113124434.43444,-104.927942306034,,
3118129409.40942,-106.348374033157,,
3123134384.38439,-106.05693893803,,
3128139359.35937,-105.164442879114,,
3133144334.33434,-105.035054921298,,
3138149309.30932,-104.999486634926,,
3143154284.28429,-104.587908587375,,
3148159259.25927,-103.690813125491,,
3153164234.23424,-102.679226759185,,
3158169209.20922,-103.200245327935,,
3163174184.18419,-102.079035285156,,
3168179159.15917,-101.33281448984,,
3173184134.13414,-101.089146496558,,
3178189109.10912,-100.952705472502,,
3183194084.08409,-100.698118580453,,
3188199059.05907,-100.541994594682,,
3193204034.03404,-99.2279954925637,,
3198209009.00902,-99.570253881399,,
3203213983.98399,-99.5357008712291,,
3208218958.95897,-98.9262153471107,,
3213223933.93394,-98.5753598725126,,
3218228908.90892,-98.6505732298537,,
3223233883.88389,-98.3437010050813,,
3228238858.85887,-98.5647423802368,,
3233243833.83384,-97.9976071217532,,
3238248808.80882,-98.6417531088136,,
3243253783.78379,-99.0198474903091,,
3248258758.75877,-99.548828410135,,
3253263733.73374,-99.8100730305904,,
3258268708.70872,-100.250059734652,,
3263273683.68369,-100.053434049478,,
3268278658.65867,-99.8734944123183,,
3273283633.63364,-99.6521483337552,,
3278288608.60862,-99.6179675572614,,
3283293583.58359,-100.559978665289,,
3288298558.55857,-101.158779735408,,
3293303533.53354,-101.534589670688,,
3298308508.50852,-102.13481540452,,
3303313483.48349,-102.298493247386,,
3308318458.45847,-102.388596079864,,
3313323433.43344,-102.612882805525,,
3318328408.40842,-102.290930190913,,
3323333383.3834,-101.778153769756,,
3328338358.35837,-101.460164822893,,
3333343333.33335,-102.796583635415,,
3338348308.30832,-102.357387104542,,
3343353283.2833,-102.997334136725,,
3348358258.25827,-102.906088051172,,
3353363233.23325,-103.030465774515,,
3358368208.20822,-102.283581708821,,
3363373183.1832,-101.948520167935,,
3368378158.15817,-101.483977336287,,
3373383133.13315,-101.016553775622,,
3378388108.10812,-100.82932268278,,
3383393083.0831,-101.143725876703,,
3388398058.05807,-101.120335929949,,
3393403033.03305,-101.77961463874,,
3398408008.00802,-101.94399435298,,
3403412982.983,-102.420744216781,,
3408417957.95797,-101.097825590449,,
3413422932.93295,-101.551872961649,,
3418427907.90792,-101.217916264074,,
3423432882.8829,-100.930306395702,,
3428437857.85787,-100.894815937238,,
3433442832.83285,-100.843934544364,,
3438447807.80782,-101.672903538943,,
3443452782.7828,-102.392265542676,,
3448457757.75777,-103.066842394362,,
3453462732.73275,-103.586940767021,,
3458467707.70772,-103.854875436397,,
3463472682.6827,-103.123210791322,,
3468477657.65767,-103.491799805642,,
3473482632.63265,-103.521481258492,,
3478487607.60762,-103.209255887365,,
3483492582.5826,-103.088987016011,,
3488497557.55757,-103.386569184285,,
3493502532.53255,-103.595142325573,,
3498507507.50752,-103.404409714837,,
3503512482.4825,-103.254321586733,,
3508517457.45747,-103.886175451958,,
3513522432.43245,-102.961982564133,,
3518527407.40742,-102.393067154829,,
3523532382.3824,-101.503155615983,,
3528537357.35737,-101.079656844813,,
3533542332.33235,-100.853908338233,,
3538547307.30732,-101.326398487045,,
3543552282.2823,-101.793715015133,,
3548557257.25728,-101.779860613193,,
3553562232.23225,-101.336854320125,,
3558567207.20723,-100.648728804074,,
3563572182.1822,-100.318463743595,,
3568577157.15718,-99.9215148822316,,
3573582132.13215,-99.9709709728587,,
3578587107.10713,-99.7770728891426,,
3583592082.0821,-99.0157132196178,,
3588597057.05708,-99.1656513013905,,
3593602032.03205,-99.8929355384642,,
3598607007.00703,-99.9941744081478,,
3603611981.982,-99.8898515518414,,
3608616956.95698,-99.6866888670573,,
3613621931.93195,-99.4516131027204,,
3618626906.90693,-97.8187315353128,,
3623631881.8819,-97.8263036639692,,
3628636856.85688,-97.8645728531879,,
3633641831.83185,-97.9352998312631,,
3638646806.80683,-97.4061567376903,,
3643651781.7818,-97.5280369890984,,
3648656756.75678,-97.5879190920385,,
3653661731.73175,-97.3937860356295,,
3658666706.70673,-97.7415547431847,,
3663671681.6817,-97.5024967424178,,
3668676656.65668,-96.1548746800395,,
3673681631.63165,-95.7321951311949,,
3678686606.60663,-95.640512180389,,
3683691581.5816,-95.2852489887294,,
3688696556.55658,-95.1253294630139,,
3693701531.53155,-95.2430332269089,,
3698706506.50653,-94.8358908771846,,
3703711481.4815,-95.2128840662427,,
3708716456.45648,-95.1855362431264,,
3713721431.43145,-95.2885978750049,,
3718726406.40643,-95.1201359309725,,
3723731381.3814,-94.9919018080347,,
3728736356.35638,-94.8015524029895,,
3733741331.33135,-94.4459938080897,,
3738746306.30633,-94.2391244549933,,
3743751281.2813,-94.3901421243147,,
3748756256.25628,-94.3471951468409,,
3753761231.23125,-94.000535227215,,
3758766206.20623,-93.8650714547858,,
3763771181.1812,-93.8603509706646,,
3768776156.15618,-93.8054771958682,,
3773781131.13116,-93.7552009386661,,
3778786106.10613,-93.5344027995028,,
3783791081.08111,-93.5638295643555,,
3788796056.05608,-94.0579631844923,,
3793801031.03106,-93.9753954753421,,
3798806006.00603,-93.954895154031,,
3803810980.98101,-93.9194011914841,,
3808815955.95598,-93.86013888539,,
3813820930.93096,-93.9297530396461,,
3818825905.90593,-94.1836721671245,,
3823830880.88091,-94.3656823882613,,
3828835855.85588,-94.2503846254354,,
3833840830.83086,-94.111319503781,,
3838845805.80583,-94.3012757694233,,
3843850780.78081,-94.1970578237548,,
3848855755.75578,-94.8666225997503,,
3853860730.73076,-94.9521075781548,,
3858865705.70573,-94.7890207258325,,
3863870680.68071,-94.9364000620333,,
3868875655.65568,-94.7801055389325,,
3873880630.63066,-95.3184458308181,,
3878885605.60563,-95.8792084430437,,
3883890580.58061,-96.2198086093752,,
3888895555.55558,-97.4204938357129,,
3893900530.53056,-97.5995710974179,,
3898905505.50553,-98.0625488424947,,
3903910480.48051,-99.0192446382509,,
3908915455.45548,-99.2877510539134,,
3913920430.43046,-99.7961082166523,,
3918925405.40543,-99.8351564045292,,
3923930380.38041,-100.970255051099,,
3928935355.35538,-101.452301895326,,
3933940330.33036,-101.799747818879,,
3938945305.30533,-101.151645767401,,
3943950280.28031,-101.290974255256,,
3948955255.25528,-100.76550248356,,
3953960230.23026,-100.2754267645,,
3958965205.20523,-100.068562692559,,
3963970180.18021,-99.1398387647708,,
3968975155.15518,-99.0793694728352,,
3973980130.13016,-98.9523092536589,,
3978985105.10513,-98.1446493182178,,
3983990080.08011,-98.4825511044784,,
3988995055.05508,-97.7213451248734,,
3994000030.03006,-97.3952408934468,,
3999005005.00503,-96.432986593986,,
4004009979.98001,-96.3642675476698,,
4009014954.95499,-96.373054968092,,
4014019929.92996,-96.4515307652679,,
4019024904.90494,-96.3284081803585,,
4024029879.87991,-96.2578752825432,,
4029034854.85489,-96.5420952041625,,
4034039829.82986,-96.4468954428952,,
4039044804.80484,-96.3627867134941,,
4044049779.77981,-96.6317013283019,,
4049054754.75479,-96.3714920576281,,
4054059729.72976,-96.65949204094,,
4059064704.70474,-96.3243526872562,,
4064069679.67971,-97.0541692970896,,
4069074654.65469,-97.9261068390292,,
4074079629.62966,-97.8443405172933,,
4079084604.60464,-97.5711441342041,,
4084089579.57961,-98.0925489564143,,
4089094554.55459,-98.8505066645038,,
4094099529.52956,-99.0803781918535,,
4099104504.50454,-99.1820080282779,,
4104109479.47951,-99.4539540556758,,
4109114454.45449,-100.050106578717,,
4114119429.42946,-100.346955188195,,
4119124404.40444,-99.9319643261217,,
4124129379.37941,-99.8975154951786,,
4129134354.35439,-99.7404223209548,,
4134139329.32936,-100.241470685539,,
4139144304.30434,-100.287347263377,,
4144149279.27931,-99.6729777107139,,
4149154254.25429,-99.2659952783819,,
4154159229.22926,-99.4402512700051,,
4159164204.20424,-98.8646782784438,,
4164169179.17921,-98.2642146685953,,
4169174154.15419,-98.4453294091965,,
4174179129.12916,-98.4142668089863,,
4179184104.10414,-98.6950232776312,,
4184189079.07911,-98.8150674310771,,
4189194054.05409,-98.7775913259776,,
4194199029.02906,-98.77067882732,,
4199204004.00404,-98.9777913033836,,
4204208978.97901,-100.142997995664,,
4209213953.95399,-100.121947326234,,
4214218928.92896,-99.3981250701933,,
4219223903.90394,-99.4181770790781,,
4224228878.87891,-99.6625693378801,,
4229233853.85389,-99.71322555898,,
4234238828.82887,-99.915872614486,,
4239243803.80384,-99.9913517446077,,
4244248778.77882,-99.6010176935749,,
4249253753.75379,-100.602605355398,,
4254258728.72877,-99.9287898650457,,
4259263703.70374,-100.086293503068,,
4264268678.67872,-99.7210293600561,,
4269273653.65369,-100.280235585519,,
4274278628.62867,-100.51721870783,,
4279283603.60364,-99.4178859332553,,
4284288578.57862,-98.9062184485217,,
4289293553.55359,-98.8294436871334,,
4294298528.52857,-98.8133516765658,,
4299303503.50354,-98.5975314705612,,
4304308478.47852,-99.1497633718816,,
4309313453.45349,-98.8502292144925,,
4314318428.42846,-99.1537778515177,,
4319323403.40344,-99.1403984888389,,
4324328378.37841,-98.58900897301,,
4329333353.35339,-98.7308961588484,,
4334338328.32836,-97.9717351888364,,
4339343303.30334,-97.7336223140477,,
4344348278.27831,-97.1851592518326,,
4349353253.25329,-96.8267075098122,,
4354358228.22826,-97.5964355569027,,
4359363203.20324,-98.3479766980937,,
4364368178.17821,-98.4355878208107,,
4369373153.15319,-98.6405186152721,,
4374378128.12816,-99.4304620500714,,
4379383103.10314,-99.6748465568714,,
4384388078.07811,-99.8142845413604,,
4389393053.05308,-100.867621027517,,
4394398028.02806,-101.884760095724,,
4399403003.00303,-102.739105666987,,
4404407977.97801,-103.139070303116,,
4409412952.95298,-103.201066514924,,
4414417927.92796,-103.913014377604,,
4419422902.90293,-104.394688816849,,
4424427877.87791,-105.191237352502,,
4429432852.85288,-104.345397871306,,
4434437827.82786,-104.018060523296,,
4439442802.80283,-104.448588584373,,
4444447777.77781,-104.937226488072,,
4449452752.75278,-104.092219268638,,
4454457727.72775,-103.031644953449,,
4459462702.70273,-103.056468125961,,
4464467677.6777,-101.502619697534,,
4469472652.65268,-101.45561083073,,
4474477627.62765,-101.47831064775,,
4479482602.60263,-101.882857700255,,
4484487577.5776,-102.080696384114,,
4489492552.55258,-101.458113746619,,
4494497527.52755,-101.306726303129,,
4499502502.50253,-100.634090918055,,
4504507477.4775,-100.833110500494,,
4509512452.45248,-100.860099287592,,
4514517427.42745,-100.687545807378,,
4519522402.40242,-100.44570184435,,
4524527377.3774,-100.378228093068,,
4529532352.35237,-100.714840110165,,
4534537327.32735,-100.767706549152,,
4539542302.30232,-101.974388080799,,
4544547277.2773,-101.215113565024,,
4549552252.25227,-100.453662993978,,
4554557227.22725,-100.356208401581,,
4559562202.20222,-100.072082079357,,
4564567177.1772,-100.503892306316,,
4569572152.15217,-100.035719547386,,
4574577127.12715,-99.5390275674485,,
4579582102.10212,-100.190544922432,,
4584587077.0771,-100.185383686099,,
4589592052.05207,-99.8456750408852,,
4594597027.02704,-99.5835062116869,,
4599602002.00202,-99.7279121573842,,
4604606976.97699,-99.7649390527735,,
4609611951.95197,-100.007660880187,,
4614616926.92694,-99.1794675412255,,
4619621901.90192,-99.7481469784039,,
4624626876.87689,-99.1355334703208,,
4629631851.85187,-98.7681260835445,,
4634636826.82684,-99.252175488838,,
4639641801.80182,-99.3668937782403,,
4644646776.77679,-100.119489962569,,
4649651751.75177,-100.631871110181,,
4654656726.72674,-100.356353889287,,
4659661701.70171,-99.8561474042047,,
4664666676.67669,-100.002349438225,,
4669671651.65166,-99.7763757406187,,
4674676626.62664,-99.4420135338965,,
4679681601.60161,-98.9127768387717,,
4684686576.57659,-98.3944914679157,,
4689691551.55156,-98.4247267685399,,
4694696526.52654,-97.7417678025824,,
4699701501.50151,-97.7351010899002,,
4704706476.47649,-97.280035014605,,
4709711451.45146,-96.4408968924707,,
4714716426.42644,-95.7939238231523,,
4719721401.40141,-95.0165828449134,,
4724726376.37638,-95.1411131953866,,
4729731351.35136,-94.6485861749517,,
4734736326.32633,-94.9548309602315,,
4739741301.30131,-94.8979229792709,,
4744746276.27628,-94.7459911868995,,
4749751251.25126,-95.0871219976362,,
4754756226.22623,-95.4108253236376,,
4759761201.20121,-95.6448289976511,,
4764766176.17618,-95.4946899115551,,
4769771151.15116,-95.7880205102955,,
4774776126.12613,-95.878071858092,,
4779781101.10111,-96.0305245195382,,
4784786076.07608,-96.3106387624002,,
4789791051.05105,-96.3351009997292,,
4794796026.02603,-96.6207381143208,,
4799801001.001,-96.9644773491607,,
4804805975.97598,-96.8783286248341,,
4809810950.95095,-96.7679587743996,,
4814815925.92593,-96.749253428727,,
4819820900.9009,-97.0014871063374,,
4824825875.87588,-97.4227365390229,,
4829830850.85085,-97.8233010939873,,
4834835825.82583,-97.5191626137278,,
4839840800.8008,-97.3503563408851,,
4844845775.77578,-96.9504015403647,,
4849850750.75075,-96.815646298799,,
4854855725.72573,-96.8625337294828,,
4859860700.7007,-97.07541996344,,
4864865675.67567,-97.6449389890661,,
4869870650.65065,-97.5692895754119,,
4874875625.62562,-96.824837923064,,
4879880600.6006,-96.6937734507801,,
4884885575.57557,-96.5506990908721,,
4889890550.55055,-96.1551503879839,,
4894895525.52552,-95.7871914797142,,
4899900500.5005,-94.7764447694811,,
4904905475.47547,-93.8148918992212,,
4909910450.45045,-93.8007764157366,,
4914915425.42542,-94.1354409906133,,
4919920400.4004,-94.4801174079018,,
4924925375.37537,-95.1082707485578,,
4929930350.35034,-95.2503433067244,,
4934935325.32532,-96.0881392661806,,
4939940300.30029,-95.8247264656775,,
4944945275.27527,-96.2013250770949,,
4949950250.25024,-96.6355105272524,,
4954955225.22522,-97.2116540095725,,
4959960200.20019,-97.6106896878361,,
4964965175.17517,-98.2086591141893,,
4969970150.15014,-98.686151992505,,
4974975125.12512,-99.3602282888488,,
4979980100.10009,-99.8775231216049,,
4984985075.07507,-100.218764268568,,
4989990050.05004,-100.168948121779,,
4994995025.02501,-100.192318466881,,
4999999999.99999,-99.9385150462563,,
